net,length_um
net38,311.22µm
net123,298.19µm
clknet_1_1__leaf_clk,298.02µm
net42,286.455µm
clknet_1_0__leaf_clk,271.47µm
net35,254.1µm
_0224_,241.75µm
_0226_,226.77µm
_0234_,218.225µm
_0314_,217.93µm
_0227_,210.48µm
net40,209.53µm
net49,208µm
_0228_,206.84µm
net122,206.66µm
_0212_,204.2µm
_0222_,197.7µm
_0221_,196.92µm
tap_index\[0\],195.98µm
net80,190.64µm
clk,189.63µm
net73,189.1µm
_0217_,187.38µm
_0214_,183.485µm
tap_index\[1\],182.45µm
net59,180.58µm
clknet_leaf_10_clk,161.16µm
_0229_,159.18µm
net41,157.295µm
net24,156.2µm
_0216_,153.505µm
_0335_,151.84µm
_0218_,149.72µm
_0213_,148.67µm
_0383_,146.08µm
net36,144.16µm
net34,143.8µm
net6,142µm
clknet_leaf_11_clk,138.1µm
net66,137.95µm
net37,137.03µm
_0412_,136.14µm
_0230_,133.59µm
net69,131.32µm
net62,130.945µm
clknet_leaf_9_clk,130.79µm
tap_index\[2\],129.68µm
net76,126.62µm
clknet_leaf_7_clk,126.6µm
clknet_leaf_2_clk,126µm
net77,123.84µm
_0209_,123.495µm
clknet_leaf_12_clk,123µm
_0303_,122.58µm
clknet_leaf_0_clk,122.35µm
clknet_leaf_14_clk,121.52µm
_0432_,120.78µm
net70,120.2µm
_0210_,118.66µm
net64,117.75µm
_0225_,117.46µm
_0219_,117.105µm
net71,116.32µm
net8,114.26µm
clknet_leaf_3_clk,113.88µm
net65,113.06µm
clknet_leaf_6_clk,112.78µm
_0220_,112.76µm
clknet_leaf_13_clk,112.14µm
net60,111.85µm
net74,111.46µm
net78,110.42µm
clknet_leaf_5_clk,108.98µm
clknet_leaf_4_clk,108.92µm
clknet_leaf_1_clk,108.7µm
net93,108.44µm
net63,108.36µm
net109,107.29µm
net67,106.57µm
clknet_0_clk,106.5µm
net9,105.8µm
_0243_,104.84µm
net68,104.565µm
_0215_,102.405µm
clknet_leaf_8_clk,102.2µm
net105,100.44µm
_0239_,98.21µm
_0250_,97.32µm
net75,96.99µm
_0236_,96.94µm
net39,96.7µm
mac_busy,94.84µm
net43,92.27µm
net108,91.94µm
net5,91.72µm
net61,90.825µm
net90,90.39µm
net3,90.26µm
net29,87.56µm
net57,87.32µm
net10,86.39µm
_0486_,85.02µm
net116,83µm
net98,81.81µm
net33,78.96µm
net349,78.5µm
net31,76.14µm
net7,75.92µm
net113,75.85µm
net46,75.78µm
net25,75.76µm
net85,74.49µm
net88,74.09µm
net45,72.24µm
net121,72.1µm
_0346_,72.08µm
net4,72µm
_0370_,69.88µm
net95,69.51µm
net104,69.37µm
net92,68.84µm
_0259_,67.52µm
net51,66.5µm
stage3\[4\],64.87µm
_0268_,63.67µm
net82,63.42µm
net52,63.4µm
net119,63.12µm
net58,62.5µm
_0208_,61.5µm
net48,61.2µm
net99,60.99µm
clknet_leaf_15_clk,59.56µm
net153,57.3µm
_0287_,55.87µm
_0251_,55.86µm
net101,55.39µm
net54,53.08µm
net111,52.83µm
net86,52.23µm
snapshot0\[2\],52.1µm
net26,51.94µm
net106,51.74µm
net325,51.5µm
net107,49.33µm
net117,48.89µm
_0205_,48.68µm
_0464_,48.56µm
_0233_,48.245µm
snapshot0\[1\],47.08µm
net72,45.3µm
net79,43.86µm
net83,43.44µm
snapshot0\[5\],43.22µm
_0347_,43.06µm
_0202_,43.02µm
add_stage0.add1.b\[2\],42.92µm
add_stage0.add0.b\[1\],42.86µm
stage3\[2\],42.58µm
net27,42.36µm
net53,42.28µm
add_stage0.add0.b\[0\],41.97µm
_0316_,41.25µm
window0\[4\],40.62µm
_0211_,39.94µm
net55,39.86µm
stage3\[6\],39.72µm
stage3\[0\],38.78µm
net96,38.64µm
net120,37.29µm
net114,36.9µm
net251,36.9µm
add_stage0.add0.b\[2\],36.86µm
net47,36.44µm
_0269_,36.12µm
_0252_,36.06µm
net102,35.84µm
net91,34.92µm
snapshot2\[6\],34.745µm
net209,34µm
_0384_,33.72µm
_0371_,33.34µm
snapshot1\[2\],32.38µm
net30,32.35µm
_0390_,31.72µm
snapshot0\[6\],31.24µm
_0382_,30.56µm
_0437_,30.51µm
net103,30.42µm
net28,30.18µm
snapshot4\[3\],29.78µm
rst_n,29.41µm
_0491_,29.38µm
_0470_,28.78µm
stage3\[1\],28.56µm
snapshot3\[6\],28.4µm
uo_out[3],28.23µm
_0278_,27.9µm
snapshot5\[1\],27.48µm
snapshot5\[7\],27.48µm
snapshot6\[7\],27.22µm
net352,27.1µm
net13,27.07µm
net118,27.02µm
snapshot3\[4\],26.68µm
_0240_,26.04µm
snapshot4\[5\],25.86µm
snapshot3\[2\],25.78µm
_0356_,25µm
snapshot2\[5\],24.98µm
_0292_,24.92µm
_0242_,24.8µm
net289,24.54µm
uio_in[0],24.52µm
net206,24.5µm
snapshot1\[1\],24.48µm
snapshot5\[5\],24.48µm
_0423_,24.4µm
snapshot3\[5\],24.22µm
net271,24.16µm
accumulator\[2\],24.02µm
snapshot3\[1\],23.8µm
accumulator\[6\],23.76µm
ena,23.66µm
uo_out[6],23.47µm
_0334_,23.46µm
net185,23.46µm
net322,23.4µm
net135,23.35µm
net357,23.02µm
coeff3\[5\],23µm
snapshot6\[3\],22.88µm
snapshot3\[0\],22.86µm
net305,22.84µm
stage3\[3\],22.7µm
phase\[0\],22.62µm
uo_out[7],22.56µm
_0416_,22.54µm
_0441_,22.48µm
_0413_,22.45µm
net361,22.42µm
net129,22.39µm
net240,22.28µm
_0438_,22.2µm
_0267_,22.06µm
_0301_,22.06µm
net302,21.94µm
uio_in[1],21.76µm
_0403_,21.66µm
snapshot1\[5\],21.64µm
_0249_,21.58µm
net244,21.58µm
_0506_,21.46µm
net143,21.44µm
uo_out[5],21.43µm
_0513_,21.42µm
snapshot6\[4\],21.24µm
_0321_,21.16µm
_0405_,21µm
snapshot2\[0\],21µm
_0440_,20.88µm
snapshot4\[1\],20.78µm
net214,20.74µm
stage3\[5\],20.72µm
coeff6\[5\],20.54µm
snapshot2\[7\],20.54µm
net19,20.32µm
net136,20.31µm
snapshot7\[2\],20.28µm
net50,20.24µm
add_stage0.add1.b\[1\],20.14µm
coeff4\[4\],20.04µm
snapshot5\[0\],20.02µm
coeff5\[4\],20µm
net207,19.94µm
_0295_,19.88µm
snapshot4\[2\],19.88µm
coeff4\[2\],19.86µm
net249,19.86µm
snapshot7\[0\],19.78µm
_0433_,19.76µm
net20,19.66µm
_0305_,19.58µm
_0457_,19.56µm
snapshot1\[3\],19.42µm
snapshot5\[2\],19.32µm
add_stage2.a\[6\],19.31µm
net12,19.24µm
_0279_,19.18µm
_0363_,19.16µm
_0411_,19.06µm
snapshot4\[4\],18.88µm
snapshot1\[4\],18.72µm
_0362_,18.58µm
uio_in[4],18.54µm
net14,18.23µm
net151,18.16µm
net32,18.12µm
_0190_,18.06µm
net21,18.06µm
uio_in[3],17.92µm
net191,17.92µm
net94,17.86µm
net204,17.7µm
net134,17.65µm
snapshot6\[0\],17.6µm
net128,17.47µm
net316,17.46µm
_0502_,17.42µm
net11,17.4µm
net112,17.35µm
_0444_,17.28µm
add_stage2.a\[3\],17.28µm
snapshot6\[1\],17.26µm
coeff6\[3\],17.24µm
_0207_,17.22µm
_0284_,17.18µm
coeff1\[6\],17.145µm
_0286_,17.14µm
_0392_,17.14µm
_0254_,17.12µm
_0256_,17.06µm
_0277_,17.02µm
_0458_,17.02µm
coeff3\[0\],17.02µm
ui_in[0],17µm
_0514_,16.86µm
phase\[1\],16.86µm
snapshot6\[2\],16.78µm
net81,16.74µm
coeff2\[0\],16.7µm
coeff2\[3\],16.7µm
snapshot0\[4\],16.68µm
net131,16.65µm
add_stage1.a\[3\],16.62µm
net1,16.6µm
net125,16.57µm
net198,16.5µm
add_stage0.add1.b\[0\],16.48µm
_0516_,16.46µm
_0261_,16.44µm
stage3\[7\],16.4µm
_0404_,16.36µm
net110,16.33µm
_0005_,16.32µm
_0459_,16.3µm
coeff2\[7\],16.3µm
_0339_,16.24µm
ui_in[5],16.24µm
net230,16.22µm
_0307_,16.12µm
_0448_,16.06µm
_0449_,16.06µm
uo_out[2],15.99µm
_0260_,15.98µm
_0302_,15.92µm
coeff0\[4\],15.92µm
coeff6\[2\],15.92µm
snapshot0\[7\],15.92µm
net97,15.92µm
_0258_,15.9µm
_0288_,15.86µm
net359,15.8µm
net100,15.77µm
accumulator\[0\],15.7µm
net17,15.68µm
net18,15.68µm
add_stage0.add1.b\[3\],15.6µm
coeff4\[3\],15.48µm
_0497_,15.46µm
_0494_,15.445µm
net138,15.43µm
uo_out[4],15.41µm
net145,15.4µm
accumulator\[7\],15.38µm
add_stage3.a\[4\],15.34µm
ui_in[1],15.32µm
uo_out[0],15.31µm
uo_out[1],15.31µm
_0328_,15.3µm
_0244_,15.29µm
net222,15.28µm
coeff4\[6\],15.22µm
snapshot7\[1\],15.22µm
net236,15.14µm
snapshot3\[7\],15.1µm
ui_in[2],15.08µm
snapshot4\[6\],15.06µm
snapshot7\[5\],15.02µm
add_stage2.a\[7\],14.96µm
net212,14.96µm
phase\[2\],14.94µm
snapshot3\[3\],14.93µm
_0386_,14.86µm
_0518_,14.86µm
net299,14.84µm
_0447_,14.82µm
net87,14.76µm
coeff1\[1\],14.72µm
_0391_,14.7µm
coeff1\[5\],14.68µm
snapshot1\[7\],14.66µm
coeff6\[1\],14.56µm
net132,14.51µm
net56,14.5µm
_0443_,14.445µm
net208,14.42µm
accumulator\[4\],14.4µm
uio_in[2],14.4µm
net237,14.36µm
coeff2\[5\],14.32µm
net360,14.26µm
_0326_,14.22µm
coeff7\[4\],14.18µm
net203,14.18µm
_0206_,14.095µm
net223,14.06µm
net23,14.04µm
_0495_,13.98µm
net89,13.96µm
ui_in[4],13.94µm
coeff0\[5\],13.88µm
net250,13.84µm
_0503_,13.76µm
net338,13.74µm
_0521_,13.72µm
coeff1\[3\],13.72µm
net182,13.72µm
coeff5\[1\],13.66µm
net127,13.57µm
_0329_,13.54µm
snapshot5\[6\],13.52µm
net171,13.5µm
_0471_,13.48µm
_0082_,13.42µm
_0369_,13.42µm
add_stage3.a\[7\],13.42µm
snapshot7\[7\],13.38µm
snapshot0\[0\],13.32µm
_0315_,13.26µm
add_stage3.a\[3\],13.26µm
snapshot2\[3\],13.26µm
ui_in[7],13.24µm
net126,13.21µm
_0439_,13.14µm
coeff3\[3\],13.02µm
accumulator\[1\],13µm
net188,12.82µm
_0483_,12.74µm
_0232_,12.72µm
net22,12.62µm
net331,12.62µm
_0406_,12.6µm
net291,12.58µm
_0059_,12.56µm
_0274_,12.5µm
_0273_,12.48µm
net187,12.44µm
snapshot7\[4\],12.42µm
net248,12.4µm
net263,12.4µm
net149,12.36µm
ui_in[3],12.32µm
ui_in[6],12.32µm
_0484_,12.3µm
coeff1\[0\],12.3µm
net320,12.3µm
_0422_,12.22µm
net265,12.2µm
_0333_,12.16µm
coeff3\[1\],12.04µm
net169,12.02µm
net173,12.02µm
coeff7\[6\],11.96µm
net192,11.96µm
_0343_,11.92µm
net269,11.92µm
_0147_,11.845µm
snapshot1\[6\],11.82µm
net158,11.82µm
coeff1\[4\],11.78µm
add_stage0.add0.b\[3\],11.76µm
_0351_,11.74µm
_0511_,11.72µm
_0058_,11.7µm
snapshot6\[6\],11.7µm
net189,11.66µm
accumulator\[5\],11.62µm
_0150_,11.6µm
_0493_,11.58µm
_0341_,11.56µm
net195,11.56µm
net211,11.56µm
net347,11.54µm
_0309_,11.5µm
_0515_,11.5µm
coeff4\[5\],11.415µm
_0354_,11.38µm
net2,11.38µm
_0094_,11.36µm
_0460_,11.36µm
net301,11.36µm
_0368_,11.32µm
accumulator\[3\],11.32µm
snapshot6\[5\],11.32µm
_0313_,11.24µm
_0456_,11.24µm
coeff6\[0\],11.24µm
_0388_,11.2µm
_0462_,11.18µm
coeff0\[0\],11.16µm
_0407_,11.12µm
coeff0\[6\],11.06µm
_0500_,11.04µm
_0317_,11µm
net279,10.98µm
coeff7\[2\],10.92µm
net239,10.92µm
_0083_,10.9µm
_0102_,10.86µm
net133,10.83µm
net,10.83µm
snapshot2\[2\],10.82µm
_0461_,10.745µm
_0378_,10.72µm
_0000_,10.7µm
_0128_,10.7µm
_0358_,10.7µm
_0203_,10.66µm
net224,10.6µm
_0360_,10.58µm
net290,10.58µm
net175,10.56µm
_0310_,10.54µm
coeff5\[3\],10.54µm
net15,10.54µm
_0290_,10.52µm
_0069_,10.44µm
_0045_,10.4µm
net243,10.4µm
coeff6\[7\],10.38µm
_0088_,10.36µm
_0479_,10.36µm
net16,10.36µm
net235,10.36µm
_0427_,10.34µm
coeff4\[7\],10.32µm
_0270_,10.3µm
_0271_,10.28µm
_0519_,10.28µm
net258,10.28µm
net283,10.28µm
_0355_,10.16µm
_0504_,10.16µm
_0129_,10.12µm
_0490_,10.1µm
_0420_,10.08µm
net150,10.06µm
net261,10.06µm
_0399_,10.04µm
coeff7\[7\],10.04µm
coeff1\[7\],10.035µm
add_stage2.a\[2\],10µm
_0353_,9.99µm
_0275_,9.94µm
_0397_,9.88µm
coeff5\[0\],9.86µm
_0507_,9.84µm
_0394_,9.82µm
coeff5\[5\],9.82µm
net247,9.78µm
net356,9.78µm
_0512_,9.7µm
net343,9.64µm
_0485_,9.58µm
coeff2\[6\],9.58µm
coeff7\[0\],9.58µm
snapshot2\[1\],9.58µm
_0293_,9.54µm
net199,9.54µm
_0014_,9.5µm
_0148_,9.5µm
snapshot5\[4\],9.48µm
net264,9.48µm
net44,9.46µm
net275,9.44µm
_0184_,9.36µm
snapshot4\[7\],9.325µm
_0098_,9.32µm
net177,9.26µm
net124,9.25µm
net137,9.23µm
net139,9.22µm
net267,9.22µm
_0136_,9.2µm
snapshot4\[0\],9.2µm
net282,9.2µm
net147,9.18µm
_0112_,9.145µm
_0282_,9.02µm
add_stage3.a\[0\],9.02µm
coeff3\[2\],9.02µm
_0009_,8.98µm
net280,8.98µm
phase\[5\],8.92µm
_0294_,8.9µm
net163,8.9µm
net256,8.9µm
net353,8.9µm
_0032_,8.86µm
_0345_,8.86µm
_0372_,8.86µm
_0442_,8.82µm
_0100_,8.805µm
_0084_,8.78µm
_0349_,8.78µm
phase\[3\],8.76µm
_0331_,8.74µm
coeff0\[3\],8.74µm
coeff0\[7\],8.74µm
net292,8.72µm
snapshot2\[4\],8.7µm
net260,8.7µm
_0296_,8.66µm
_0024_,8.64µm
net159,8.64µm
net225,8.64µm
_0001_,8.6µm
add_stage1.a\[1\],8.6µm
_0262_,8.58µm
_0078_,8.56µm
_0248_,8.55µm
_0523_,8.53µm
_0435_,8.52µm
add_stage2.a\[0\],8.52µm
net277,8.52µm
snapshot7\[3\],8.51µm
_0492_,8.48µm
_0517_,8.46µm
net84,8.45µm
_0057_,8.44µm
net161,8.4µm
_0488_,8.32µm
_0436_,8.26µm
net179,8.24µm
_0199_,8.22µm
_0320_,8.22µm
net130,8.21µm
_0385_,8.2µm
add_stage3.a\[2\],8.2µm
coeff2\[2\],8.2µm
_0013_,8.18µm
net339,8.18µm
_0489_,8.16µm
_0501_,8.16µm
add_stage3.a\[5\],8.14µm
coeff2\[1\],8.14µm
_0424_,8.12µm
_0192_,8.1µm
_0023_,8.06µm
_0161_,8.06µm
_0418_,8.02µm
_0031_,7.985µm
_0387_,7.98µm
coeff0\[1\],7.98µm
coeff4\[0\],7.98µm
_0480_,7.94µm
_0434_,7.9µm
coeff7\[3\],7.86µm
net281,7.84µm
_0452_,7.82µm
_0481_,7.82µm
coeff2\[4\],7.78µm
snapshot0\[3\],7.78µm
_0049_,7.76µm
_0327_,7.76µm
net157,7.7µm
net115,7.69µm
_0047_,7.64µm
_0265_,7.64µm
_0336_,7.64µm
net221,7.64µm
window0\[0\],7.6µm
_0509_,7.56µm
_0119_,7.52µm
_0451_,7.52µm
_0520_,7.52µm
_0365_,7.46µm
net164,7.42µm
coeff0\[2\],7.4µm
net300,7.4µm
net340,7.38µm
net326,7.36µm
_0266_,7.3µm
_0396_,7.28µm
snapshot1\[0\],7.28µm
_0121_,7.24µm
coeff5\[7\],7.24µm
_0037_,7.22µm
_0090_,7.18µm
_0110_,7.18µm
_0191_,7.18µm
net274,7.18µm
net311,7.18µm
coeff7\[1\],7.16µm
add_stage1.a\[2\],7.14µm
coeff1\[2\],7.1µm
_0376_,7.08µm
_0450_,7.06µm
coeff3\[6\],7.06µm
net141,7.06µm
net234,7.06µm
net310,7.06µm
net231,7µm
net318,7µm
net201,6.96µm
_0499_,6.94µm
coeff7\[5\],6.94µm
_0395_,6.86µm
_0107_,6.84µm
net178,6.84µm
_0332_,6.76µm
net257,6.76µm
_0398_,6.74µm
_0072_,6.72µm
_0077_,6.72µm
_0116_,6.72µm
_0177_,6.72µm
_0231_,6.72µm
_0410_,6.72µm
_0415_,6.72µm
coeff5\[2\],6.64µm
coeff5\[6\],6.64µm
net168,6.64µm
net254,6.64µm
coeff6\[4\],6.62µm
_0291_,6.6µm
snapshot7\[6\],6.6µm
_0498_,6.54µm
_0400_,6.52µm
net327,6.5µm
_0138_,6.42µm
_0359_,6.4µm
coeff3\[4\],6.4µm
_0146_,6.38µm
_0429_,6.32µm
_0179_,6.3µm
_0180_,6.3µm
net298,6.3µm
_0018_,6.26µm
_0076_,6.26µm
_0188_,6.26µm
_0285_,6.26µm
_0393_,6.26µm
_0455_,6.26µm
_0306_,6.18µm
net276,6.18µm
net162,6.14µm
net297,6.08µm
_0337_,6.06µm
net210,6.04µm
_0380_,5.98µm
net219,5.98µm
net313,5.98µm
_0361_,5.94µm
window0\[3\],5.94µm
_0015_,5.92µm
net170,5.92µm
net309,5.92µm
_0171_,5.84µm
net346,5.84µm
_0168_,5.82µm
_0375_,5.82µm
_0101_,5.8µm
_0134_,5.8µm
_0143_,5.8µm
_0183_,5.8µm
_0381_,5.8µm
net333,5.8µm
_0463_,5.68µm
net215,5.68µm
net218,5.68µm
_0373_,5.6µm
net358,5.6µm
net324,5.58µm
_0144_,5.56µm
_0223_,5.56µm
add_stage1.a\[5\],5.52µm
_0010_,5.46µm
_0131_,5.46µm
net200,5.46µm
net295,5.46µm
net314,5.46µm
_0075_,5.38µm
_0085_,5.38µm
_0125_,5.38µm
_0189_,5.38µm
net217,5.38µm
net278,5.38µm
_0105_,5.36µm
_0043_,5.34µm
_0096_,5.34µm
_0099_,5.34µm
_0141_,5.34µm
_0182_,5.34µm
window0\[5\],5.34µm
net255,5.34µm
net328,5.34µm
_0350_,5.29µm
_0389_,5.28µm
_0299_,5.26µm
_0414_,5.26µm
_0445_,5.26µm
_0304_,5.22µm
_0330_,5.22µm
_0338_,5.22µm
_0352_,5.22µm
_0431_,5.22µm
_0475_,5.22µm
_0476_,5.22µm
_0478_,5.22µm
_0496_,5.22µm
net220,5.22µm
net253,5.16µm
_0319_,5.14µm
coeff6\[6\],5.14µm
_0149_,5.135µm
net262,5.12µm
net307,5.12µm
net341,5.12µm
_0196_,5.1µm
_0342_,5.06µm
net367,5.02µm
_0066_,5µm
_0175_,5µm
net174,5µm
net268,5µm
_0041_,4.92µm
_0061_,4.92µm
_0123_,4.92µm
_0193_,4.92µm
_0430_,4.92µm
add_stage1.a\[4\],4.92µm
net196,4.9µm
_0019_,4.88µm
_0079_,4.88µm
_0132_,4.88µm
_0474_,4.88µm
add_stage2.a\[5\],4.88µm
coeff3\[7\],4.88µm
snapshot5\[3\],4.88µm
net176,4.88µm
net303,4.88µm
_0281_,4.8µm
net181,4.8µm
net184,4.8µm
net197,4.8µm
net286,4.8µm
net294,4.8µm
net315,4.66µm
_0283_,4.6µm
_0152_,4.56µm
_0402_,4.56µm
net245,4.54µm
net368,4.48µm
_0026_,4.46µm
_0115_,4.46µm
_0133_,4.46µm
_0173_,4.46µm
_0185_,4.46µm
_0186_,4.46µm
_0257_,4.46µm
net165,4.46µm
net232,4.46µm
net351,4.46µm
_0118_,4.42µm
_0120_,4.42µm
_0466_,4.42µm
_0522_,4.365µm
_0204_,4.36µm
_0311_,4.34µm
_0425_,4.34µm
_0472_,4.34µm
net156,4.34µm
net160,4.34µm
net355,4.34µm
_0053_,4.22µm
_0487_,4.14µm
net287,4.14µm
net370,4.14µm
_0007_,4.12µm
_0036_,4.12µm
_0323_,4.1µm
_0113_,4.08µm
_0122_,4.08µm
_0127_,4.08µm
_0163_,4.08µm
_0166_,4.08µm
net146,4.08µm
net233,4.08µm
_0366_,4µm
_0367_,4µm
net190,4µm
_0103_,3.9µm
_0065_,3.88µm
_0421_,3.88µm
_0033_,3.86µm
net229,3.78µm
_0012_,3.76µm
_0195_,3.76µm
_0419_,3.76µm
add_stage1.a\[0\],3.68µm
add_stage3.a\[6\],3.68µm
_0070_,3.66µm
net152,3.66µm
net348,3.66µm
_0086_,3.56µm
_0114_,3.56µm
_0130_,3.56µm
_0263_,3.56µm
net242,3.56µm
_0006_,3.54µm
_0028_,3.54µm
_0034_,3.54µm
_0068_,3.54µm
_0087_,3.54µm
_0093_,3.54µm
_0172_,3.54µm
_0297_,3.54µm
coeff4\[1\],3.54µm
window0\[6\],3.54µm
net205,3.54µm
_0289_,3.47µm
_0241_,3.44µm
_0473_,3.4µm
net312,3.32µm
net337,3.32µm
_0030_,3.3µm
_0322_,3.3µm
_0408_,3.3µm
_0454_,3.3µm
_0154_,3.225µm
_0325_,3.22µm
_0348_,3.22µm
net308,3.22µm
net363,3.22µm
net364,3.22µm
net365,3.22µm
_0011_,3.2µm
_0017_,3.2µm
_0040_,3.2µm
_0046_,3.2µm
_0055_,3.2µm
_0137_,3.2µm
_0160_,3.2µm
_0174_,3.2µm
_0194_,3.2µm
net186,3.2µm
net321,3.2µm
_0091_,3.18µm
_0428_,3.18µm
_0467_,3.18µm
_0002_,3.08µm
_0020_,3.08µm
_0022_,3.08µm
_0080_,3.08µm
_0111_,3.08µm
_0145_,3.08µm
_0156_,3.08µm
_0164_,3.08µm
_0170_,3.08µm
_0176_,3.08µm
_0178_,3.08µm
_0198_,3.08µm
_0200_,3.08µm
_0237_,3.08µm
_0280_,3.08µm
add_stage1.a\[6\],3.08µm
add_stage1.a\[7\],3.08µm
add_stage2.a\[1\],3.08µm
_0151_,3.06µm
_0264_,3.06µm
_0051_,2.96µm
_0245_,2.96µm
_0379_,2.96µm
_0477_,2.96µm
_0508_,2.96µm
_0063_,2.925µm
_0300_,2.86µm
net266,2.86µm
net285,2.86µm
_0064_,2.84µm
_0155_,2.84µm
_0159_,2.84µm
_0401_,2.84µm
net140,2.84µm
net272,2.84µm
_0247_,2.76µm
net166,2.76µm
net226,2.76µm
net259,2.76µm
net273,2.76µm
net344,2.76µm
_0008_,2.74µm
_0021_,2.74µm
_0038_,2.74µm
_0042_,2.74µm
_0071_,2.74µm
_0073_,2.74µm
_0142_,2.74µm
_0169_,2.74µm
net180,2.74µm
net194,2.74µm
net144,2.64µm
net330,2.64µm
_0025_,2.62µm
_0044_,2.62µm
_0050_,2.62µm
_0052_,2.62µm
_0056_,2.62µm
_0060_,2.62µm
_0067_,2.62µm
_0097_,2.62µm
_0104_,2.62µm
_0126_,2.62µm
_0135_,2.62µm
_0139_,2.62µm
_0140_,2.62µm
_0158_,2.62µm
_0167_,2.62µm
_0181_,2.62µm
_0201_,2.62µm
_0255_,2.62µm
_0417_,2.62µm
net345,2.62µm
_0246_,2.5µm
_0312_,2.5µm
_0340_,2.5µm
net216,2.5µm
net317,2.5µm
_0029_,2.38µm
_0308_,2.38µm
_0318_,2.38µm
_0003_,2.3µm
_0238_,2.3µm
_0276_,2.3µm
net148,2.3µm
net155,2.3µm
net183,2.3µm
net193,2.3µm
net227,2.3µm
net228,2.3µm
net238,2.3µm
net246,2.3µm
net323,2.3µm
net332,2.3µm
net335,2.3µm
net336,2.3µm
net366,2.3µm
_0039_,2.28µm
_0048_,2.28µm
_0062_,2.28µm
_0106_,2.28µm
_0117_,2.28µm
_0124_,2.28µm
_0165_,2.28µm
_0197_,2.28µm
net306,2.28µm
net319,2.28µm
net354,2.28µm
_0035_,2.16µm
_0157_,2.16µm
_0187_,2.16µm
_0364_,2.16µm
_0426_,2.16µm
_0469_,2.16µm
net213,2.16µm
net369,2.16µm
_0253_,2.04µm
_0482_,2.04µm
net350,2.04µm
net167,1.94µm
_0298_,1.84µm
_0468_,1.84µm
_0505_,1.84µm
net142,1.84µm
net202,1.84µm
net252,1.84µm
net288,1.84µm
net296,1.84µm
net304,1.84µm
net329,1.84µm
net334,1.84µm
net362,1.84µm
_0016_,1.82µm
_0027_,1.82µm
_0054_,1.82µm
_0074_,1.82µm
_0162_,1.82µm
_0465_,1.82µm
net284,1.82µm
_0374_,1.72µm
_0446_,1.72µm
_0004_,1.7µm
_0092_,1.7µm
_0108_,1.7µm
_0153_,1.7µm
_0377_,1.7µm
_0409_,1.7µm
_0453_,1.7µm
_0510_,1.7µm
_0524_,1.7µm
add_stage2.a\[4\],1.7µm
window0\[1\],1.7µm
window0\[7\],1.7µm
net270,1.7µm
net342,1.7µm
_0235_,1.6µm
_0357_,1.6µm
_0081_,1.545µm
_0344_,1.48µm
add_stage3.a\[1\],1.38µm
phase\[4\],1.38µm
_0109_,1.36µm
net154,1.36µm
net172,1.36µm
net293,1.36µm
_0272_,0.92µm
_0324_,0.92µm
window0\[2\],0.92µm
_0089_,0.8µm
_0095_,0.8µm
net241,0.46µm
